Molecule,MMP_Zv_All,MMP_Zv_Csat,MMP_Zv_Cuns,MMP_Zv_Hal,MMP_Zv_Het,MMP_Zv_HetNoX,MMP_Vvdw_All,MMP_Vvdw_Csat,MMP_Vvdw_Cuns,MMP_Vvdw_Hal,MMP_Vvdw_Het,MMP_Vvdw_HetNoX,MMP_SAe_All,MMP_SAe_Csat,MMP_SAe_Cuns,MMP_SAe_Hal,MMP_SAe_Het,MMP_SAe_HetNoX,MMP_aPolar_All,MMP_aPolar_Csat,MMP_aPolar_Cuns,MMP_aPolar_Hal,MMP_aPolar_Het,MMP_aPolar_HetNoX,MMP_EA_All,MMP_EA_Csat,MMP_EA_Cuns,MMP_EA_Hal,MMP_EA_Het,MMP_EA_HetNoX
Test1,4,4,0,0,0,0,22.45,22.45,0,0,0,0,2.75,2.75,0,0,0,0,1.76,1.76,0,0,0,0,1.263,1.263,0,0,0,0
Test,4.7730524946434,0.839285714285714,0.639670514670515,0.715909090909091,2.06634527089073,0.410353535353535,21.2419867783267,5.79001698768088,4.88089026744111,1.47830220962065,4.04109337011024,0.811355496776004,2.95193781487496,0.628603388511602,0.492707862842565,0.267050336969644,0.965142918632331,0.258526261125879,1.69026549698326,0.440852713178295,0.372661271301065,0.178825109196081,0.385052844540407,0.0505663742663507,1.47020013000353,0.268128229428931,0.26104782138316,0.650214616615432,0.673540169301294,0.000267597987843934

